Topic,Probability
0,0.9285635981341035
1,1.0
7,0.9763929706855263
1,1.0
6,1.0
9,0.7598785092488035
0,1.0
1,1.0
0,1.0
1,1.0
8,0.9226581392914076
0,1.0
0,1.0
0,1.0
1,1.0
1,1.0
0,1.0
0,1.0
3,0.7482999246573303
-1,0.0
9,1.0
0,0.994787805927425
0,1.0
-1,0.0
0,1.0
14,1.0
0,1.0
7,0.7788910940045746
5,1.0
11,0.7302330539819154
0,1.0
16,1.0
1,1.0
8,0.7429972251643108
0,1.0
0,1.0
7,0.8224828152552359
0,0.8690848116971345
15,0.933652537574398
0,1.0
0,0.8861610733261228
-1,0.0
1,0.9880049603276543
0,0.9641183700163114
-1,0.0
1,1.0
0,0.8833656671667063
-1,0.0
1,1.0
2,1.0
1,1.0
0,0.7723371719521102
4,1.0
7,0.7424595586900093
8,0.6916970230517878
8,1.0
-1,0.0
1,1.0
-1,0.0
4,1.0
7,0.8475607078761657
4,0.9301538865326717
1,1.0
1,1.0
0,1.0
1,1.0
0,1.0
-1,0.0
0,1.0
1,0.9694652411048823
-1,0.0
1,1.0
2,0.6219728310915424
5,1.0
-1,0.0
-1,0.0
1,1.0
0,1.0
0,0.6868950411200293
0,1.0
4,0.8788249091272569
0,1.0
0,1.0
-1,0.0
2,0.8613427169896967
0,1.0
1,1.0
5,0.7613874109467732
1,1.0
7,0.9131521809970923
-1,0.0
0,0.9639714523404058
-1,0.0
1,1.0
7,0.9763929706855263
1,1.0
5,1.0
0,1.0
11,1.0
0,1.0
6,1.0
0,1.0
1,0.8952586996079013
0,0.9323807999109056
0,1.0
6,1.0
-1,0.0
2,0.8794117030747842
1,1.0
1,1.0
1,1.0
5,0.7075891675045768
0,0.9410550605712148
-1,0.0
1,0.47718647252732593
6,1.0
3,0.9194109779855802
14,0.9508825286121743
0,1.0
5,0.647199949543252
1,1.0
0,0.7794668610730684
0,0.8165505052024092
-1,0.0
-1,0.0
0,1.0
0,0.9625027168564405
0,0.8578711295607478
1,0.9014298032162414
1,0.8289182906072758
0,0.8448268826414655
1,1.0
-1,0.0
0,0.8441713103645708
0,1.0
8,0.7157238387134458
0,1.0
7,0.8952528776568922
1,1.0
-1,0.0
0,1.0
2,0.8740932985319265
3,0.6428437183445375
12,0.9904055807649343
3,0.780349973046495
1,1.0
0,1.0
-1,0.0
0,1.0
0,1.0
5,1.0
1,0.9354877905970533
15,1.0
1,1.0
1,1.0
0,0.9270907893962854
0,1.0
0,1.0
0,0.9638117580371531
0,1.0
0,0.983381480140893
1,1.0
0,0.8906081368499739
17,1.0
-1,0.0
15,1.0
2,1.0
1,1.0
1,0.9316484384002919
1,0.8083211903915227
1,1.0
0,1.0
0,0.816008969621038
0,0.8258377190396655
6,0.8043556691156736
0,1.0
0,1.0
0,0.6844685162639534
1,0.9218563814568574
1,1.0
4,1.0
0,1.0
1,1.0
0,1.0
-1,0.0
5,0.9740995801032715
6,1.0
-1,0.0
18,1.0
1,1.0
5,1.0
1,1.0
4,1.0
0,0.9781684384696867
-1,0.0
-1,0.0
1,0.9439607932682317
-1,0.0
3,0.5106621541547963
2,0.7206713805141215
3,0.3303551772184716
7,0.8201142806003165
0,0.854913249144881
0,0.9631223323725945
0,1.0
1,1.0
1,1.0
-1,0.0
0,1.0
1,0.9811265529917379
3,1.0
0,1.0
0,1.0
4,0.8468840239859582
-1,0.0
1,0.9999306305358657
1,1.0
-1,0.0
0,1.0
0,0.9806338026043253
-1,0.0
5,0.6157553129334418
1,1.0
2,0.5372262499237285
3,0.6428437183445375
1,1.0
12,1.0
0,1.0
1,0.8554243388088644
-1,0.0
0,0.8820936162227307
3,0.6101087862028514
1,1.0
0,1.0
1,1.0
1,1.0
0,0.9303852789116805
2,0.7508372823840697
0,1.0
1,1.0
1,1.0
0,1.0
12,1.0
0,0.9001960492879444
1,1.0
3,0.5663718942288676
15,1.0
1,0.8023712489703816
0,1.0
0,0.8485977685620224
1,1.0
17,1.0
-1,0.0
0,1.0
1,1.0
-1,0.0
1,1.0
1,1.0
1,1.0
1,1.0
-1,0.0
1,1.0
1,1.0
0,1.0
1,0.867442950901698
0,0.9953257817037166
1,1.0
1,1.0
4,0.9622374650920716
0,0.8797464901098644
-1,0.0
1,0.8261500752357969
3,0.7387090237049577
1,1.0
0,1.0
0,0.8762556830574327
1,0.7491743440354122
0,1.0
6,0.9037870140096902
0,0.9006254052932026
5,1.0
13,1.0
-1,0.0
0,1.0
0,1.0
1,1.0
2,1.0
6,1.0
6,1.0
0,1.0
0,1.0
0,0.9575603018585829
5,0.8545683754049637
4,1.0
-1,0.0
4,0.7146243219230344
3,0.8118388045371111
1,1.0
0,1.0
-1,0.0
5,0.5951018649239206
-1,0.0
1,1.0
0,0.8883145722471173
17,1.0
2,0.5568025282511676
1,0.8023712489703816
1,0.9349670234102216
7,0.7765025191180374
4,1.0
1,0.9363266607777361
1,1.0
7,0.6524866736356539
1,1.0
6,1.0
11,0.6060935093720579
0,1.0
1,1.0
0,1.0
0,1.0
0,1.0
0,0.762734682230142
0,0.9263494118915085
1,0.9855350618837179
1,1.0
1,1.0
13,1.0
-1,0.0
0,0.9989882544432932
-1,0.0
1,0.7444164676037174
-1,0.0
0,0.846734778863825
0,0.6930040226185997
0,1.0
1,1.0
0,1.0
0,1.0
-1,0.0
-1,0.0
0,1.0
0,1.0
6,1.0
5,0.8603036225672649
3,1.0
-1,0.0
-1,0.0
1,1.0
0,1.0
1,1.0
0,1.0
7,0.680311917390356
-1,0.0
1,0.5780033711464045
-1,0.0
1,1.0
6,0.9870639086391204
1,1.0
1,1.0
0,1.0
0,0.8636610843007453
5,1.0
10,0.7672348929268015
0,1.0
3,0.6484044872576962
3,0.40710281653023345
1,1.0
0,1.0
0,0.7902755353485853
5,0.8408027082216369
0,0.9203391513392062
1,1.0
1,1.0
2,0.8046125531442962
0,1.0
0,0.846199173473235
0,0.6594314561238438
0,0.9137262195334543
0,0.8998477958157555
1,1.0
2,1.0
-1,0.0
4,1.0
1,1.0
7,1.0
0,1.0
3,0.6207359483205549
-1,0.0
1,1.0
0,1.0
-1,0.0
1,1.0
0,1.0
1,1.0
0,0.9293372384682896
0,1.0
2,0.8176907591244778
1,1.0
3,0.7429679476167984
5,0.6695234042176398
0,1.0
0,1.0
4,1.0
1,0.969692401759764
0,0.7764894795935697
0,0.949619785070089
1,0.7430219968734757
1,1.0
1,1.0
0,1.0
1,1.0
1,1.0
-1,0.0
0,0.8881969538702739
7,0.8607968707037574
0,1.0
0,1.0
1,0.8560073387677993
5,0.7609782298680765
-1,0.0
0,1.0
1,0.9346391521130101
0,1.0
-1,0.0
4,0.8936079689038268
0,1.0
2,0.6121035056073508
1,1.0
1,1.0
12,0.8520034791772472
16,0.9280512858214643
1,1.0
1,1.0
1,1.0
1,1.0
-1,0.0
0,1.0
0,1.0
2,0.796548201308888
-1,0.0
7,0.7289924283275453
0,1.0
-1,0.0
0,1.0
5,0.8126878992424984
0,1.0
8,0.812955372730871
6,1.0
6,1.0
8,0.8900220856200968
0,1.0
1,1.0
-1,0.0
0,1.0
4,0.8729977572561576
1,1.0
1,1.0
0,1.0
0,1.0
15,0.8028116967282718
1,1.0
1,1.0
1,0.872432669820031
0,1.0
0,1.0
0,1.0
0,0.830552046441739
12,1.0
1,1.0
-1,0.0
3,0.6428437183445375
0,1.0
10,1.0
1,0.8330629231609467
4,1.0
1,1.0
1,1.0
8,0.7429972251643108
-1,0.0
0,0.9006184829610854
0,1.0
1,1.0
18,1.0
1,1.0
-1,0.0
0,1.0
0,1.0
0,0.922023643563487
2,1.0
1,1.0
19,1.0
0,0.9897470309306333
3,0.5687425040051847
7,0.9152220388713884
6,1.0
3,0.3704621330581364
12,0.9171382790735189
8,0.7932499140918724
0,1.0
3,0.583145866449421
1,0.5516759324377619
-1,0.0
0,1.0
3,0.9932031637681227
8,1.0
0,0.938629412123759
0,0.8359071488036525
0,1.0
1,1.0
10,1.0
-1,0.0
1,1.0
-1,0.0
0,1.0
6,1.0
0,0.8621707979348753
0,1.0
0,1.0
7,0.7443045887067667
0,1.0
0,1.0
1,0.8312211289267616
-1,0.0
0,1.0
-1,0.0
0,0.8697837482849188
5,0.9268016653262208
13,0.934042111997281
0,1.0
0,1.0
4,1.0
1,1.0
1,1.0
0,1.0
5,1.0
0,1.0
5,1.0
2,0.601142417308
1,1.0
-1,0.0
0,1.0
1,1.0
3,0.4552669830465532
0,1.0
1,1.0
4,0.9364289172128335
0,1.0
1,0.8067779369244561
1,1.0
-1,0.0
0,1.0
9,0.7604347071721362
3,0.9890197297061274
1,1.0
1,0.9172854550231403
1,1.0
1,1.0
-1,0.0
0,1.0
0,1.0
1,1.0
1,1.0
-1,0.0
1,1.0
0,1.0
3,0.9894390268510196
4,0.7727173555520986
0,0.8223021381261212
6,1.0
0,1.0
0,1.0
0,1.0
4,1.0
0,1.0
12,0.9322030226654167
1,0.8371443483715539
8,0.7429972251643108
1,1.0
1,1.0
11,0.6214536268514382
0,1.0
0,1.0
0,1.0
1,1.0
2,0.7426737473471828
1,1.0
1,0.8432475306633027
-1,0.0
1,1.0
0,1.0
1,0.80887008446237
9,0.9807108226342915
5,0.9990436907582533
1,1.0
-1,0.0
0,1.0
1,1.0
1,0.8016461532597402
4,0.9452085713411488
1,0.8957144110884573
0,1.0
0,1.0
0,0.9819669284794464
2,0.625944144392951
1,1.0
1,0.8880277656442868
7,0.8588240085252866
1,1.0
6,1.0
1,1.0
1,1.0
0,0.9891932543986557
1,0.911698326347692
0,1.0
0,1.0
0,1.0
-1,0.0
-1,0.0
0,0.9782610392446649
0,1.0
0,1.0
0,1.0
1,1.0
0,0.9980905683616693
-1,0.0
2,0.7184876594804989
6,1.0
-1,0.0
1,1.0
0,1.0
0,1.0
3,0.9932031637681227
1,1.0
-1,0.0
1,1.0
1,1.0
-1,0.0
1,1.0
1,0.8962179931256531
1,1.0
2,0.6016921847598988
3,0.3704136320283577
1,1.0
0,0.8768212400395602
0,1.0
0,1.0
0,1.0
9,1.0
0,1.0
-1,0.0
0,0.7692817317361078
1,1.0
3,0.7977059131313442
7,0.7279742134923938
13,0.8677500245728331
11,1.0
0,1.0
1,1.0
1,1.0
1,0.6972269082337037
0,1.0
0,0.8569171864060463
0,0.9279800660097925
0,1.0
0,1.0
0,0.919058519888889
0,1.0
0,0.849281303355215
0,0.9432498221823893
0,0.9531304702902423
1,1.0
0,0.8885445983030732
6,1.0
0,1.0
0,1.0
0,1.0
1,1.0
1,1.0
1,1.0
0,0.9716683799211058
1,1.0
-1,0.0
0,0.9885298842698763
0,1.0
0,0.9654094805843667
0,0.9549478801372946
0,1.0
-1,0.0
6,1.0
3,0.4677320131865728
5,1.0
1,1.0
0,1.0
-1,0.0
2,1.0
2,0.953963679627271
0,1.0
-1,0.0
0,1.0
-1,0.0
0,1.0
2,0.9318143285919724
5,0.3430096629081062
1,1.0
1,0.9275013806238777
-1,0.0
1,1.0
1,1.0
0,0.8880350453734006
1,0.7233656573125261
-1,0.0
0,1.0
19,1.0
1,1.0
4,0.8857113704584025
1,1.0
1,1.0
7,0.7997345231767107
1,1.0
1,1.0
1,1.0
-1,0.0
4,0.9888101801066281
0,0.7876107585520253
1,1.0
4,1.0
10,0.7044570631314673
-1,0.0
-1,0.0
0,1.0
0,1.0
1,1.0
1,0.9748616649104148
0,0.6228194386685316
0,1.0
0,1.0
0,1.0
0,1.0
0,1.0
3,0.9603737566895701
4,0.8662017095205781
0,1.0
5,1.0
2,0.757955210765027
0,1.0
14,0.8381660065921975
3,0.561777745462571
0,1.0
-1,0.0
1,1.0
0,1.0
2,1.0
1,1.0
1,1.0
1,1.0
0,1.0
-1,0.0
9,0.7912816624655474
0,1.0
4,1.0
6,1.0
0,1.0
1,0.9289413193310032
3,0.7341952383945332
0,1.0
3,0.8607325028603603
-1,0.0
1,1.0
1,1.0
0,0.8887927764241563
1,1.0
0,1.0
0,1.0
1,1.0
1,1.0
7,0.6743977011944727
8,0.7720658538673264
7,0.786987262682332
-1,0.0
0,1.0
4,1.0
0,0.8929908500006448
2,1.0
8,1.0
0,0.9115500606176278
3,1.0
3,0.5020135985365546
1,0.8460011912065805
1,1.0
0,1.0
-1,0.0
0,0.8915435180617254
-1,0.0
2,0.5335209832106858
1,1.0
-1,0.0
1,1.0
1,1.0
2,0.9311344914897832
1,0.9965607324209371
6,1.0
1,1.0
-1,0.0
16,0.9329885488201264
-1,0.0
6,0.7415978571916995
1,0.8346301229907469
0,0.9594741768441339
11,1.0
2,1.0
0,1.0
0,1.0
0,0.9675230909564988
0,0.8045548392490288
0,0.6612086555250308
5,1.0
4,0.6749980557883759
8,0.8871150856350976
1,1.0
1,1.0
10,0.8381919281540232
1,1.0
1,1.0
1,1.0
-1,0.0
1,1.0
-1,0.0
5,1.0
1,1.0
0,1.0
6,1.0
1,1.0
0,0.7560994654759083
1,1.0
-1,0.0
0,1.0
0,1.0
-1,0.0
1,0.9013672408687596
1,0.9163036082137191
0,0.8299994287936427
1,0.9483031666274632
10,1.0
1,1.0
7,0.9131521809970923
1,1.0
1,1.0
0,1.0
1,1.0
8,0.8145922336013144
0,1.0
0,1.0
0,0.8800466009694862
0,0.8107337137075924
10,0.7155101062151025
1,1.0
0,1.0
1,0.578154423232078
-1,0.0
1,1.0
1,1.0
1,1.0
1,1.0
1,1.0
-1,0.0
1,0.9912065345734035
0,1.0
3,0.4300018630963353
0,1.0
3,0.5304208099829634
6,1.0
1,1.0
3,0.780349973046495
4,0.7285010577989572
14,1.0
-1,0.0
1,1.0
3,0.37258699822450275
-1,0.0
10,1.0
9,0.7917705105318302
1,1.0
5,0.8274878516156545
-1,0.0
1,0.7743930825509163
-1,0.0
12,1.0
1,1.0
4,0.7749513374332948
0,0.7947053934922731
0,1.0
1,1.0
1,1.0
0,1.0
4,0.8709251208347731
0,1.0
1,1.0
0,0.9897283380410468
1,0.984443979774711
1,1.0
0,1.0
0,1.0
1,1.0
2,1.0
0,1.0
0,1.0
1,0.830701190877046
3,0.4294401975685987
1,1.0
5,1.0
-1,0.0
6,0.5224514210758455
0,1.0
0,1.0
5,1.0
1,1.0
-1,0.0
1,0.8479929065129024
7,0.8108937290755093
0,1.0
11,0.9939194162242647
0,1.0
9,0.7176391798274754
0,1.0
0,0.8928028047033131
3,0.5051713855984256
2,0.6110594990441035
1,0.8069272294868892
2,1.0
0,1.0
1,1.0
10,1.0
1,1.0
1,1.0
19,1.0
0,0.9699079194779927
1,1.0
0,0.7560460686038762
0,0.7451112318432338
-1,0.0
5,0.8593955656190048
0,1.0
0,1.0
0,0.7708226827521759
9,1.0
1,1.0
7,1.0
3,0.780349973046495
-1,0.0
7,0.9177764717800777
0,1.0
-1,0.0
0,1.0
0,1.0
1,1.0
-1,0.0
0,0.8129939363295765
0,1.0
1,1.0
9,0.7153839419242436
1,1.0
3,0.4016220334143571
7,0.9233325915887175
6,1.0
1,1.0
4,0.7373989478133223
0,1.0
2,0.5520158489029283
1,0.997668109228489
0,1.0
0,0.9979307958215545
0,1.0
1,0.8205536352894396
10,1.0
1,1.0
0,1.0
1,1.0
1,0.978555706231268
2,1.0
-1,0.0
0,1.0
4,1.0
0,1.0
1,1.0
-1,0.0
3,0.43155057222679544
0,1.0
0,1.0
6,1.0
7,0.8224828152552359
0,1.0
-1,0.0
0,1.0
1,1.0
3,0.5084976830903738
-1,0.0
1,1.0
0,1.0
8,0.8913575938433502
1,0.8728439916892899
0,1.0
1,1.0
0,1.0
0,0.9025914498142992
2,1.0
12,1.0
0,1.0
0,1.0
0,1.0
1,0.8621331241924236
0,0.8100075678023748
2,0.8581879845339154
-1,0.0
0,1.0
5,0.6052717434239371
0,1.0
0,0.7368712932500917
6,1.0
0,0.9295734136800423
2,1.0
0,1.0
1,1.0
0,1.0
-1,0.0
0,1.0
0,1.0
17,1.0
1,1.0
0,1.0
1,1.0
6,0.8626538150874249
1,1.0
-1,0.0
9,0.7562269428574114
2,0.8970605163668116
-1,0.0
0,1.0
9,0.6740510259262688
0,0.8267570555583336
-1,0.0
-1,0.0
1,0.9478008725723172
0,1.0
6,1.0
6,1.0
1,0.9484810890807577
7,1.0
0,0.9947549005146283
1,1.0
0,1.0
0,0.6875423874249861
-1,0.0
0,1.0
6,1.0
0,1.0
0,1.0
-1,0.0
5,1.0
5,0.8877956728346713
7,1.0
0,1.0
0,1.0
5,1.0
1,1.0
0,1.0
0,1.0
3,1.0
2,0.796548201308888
3,0.5417454957122968
1,1.0
6,0.6861892421438727
1,1.0
0,1.0
8,0.8913575938433502
0,1.0
1,1.0
0,0.8426160766847927
0,1.0
1,0.8395652969041981
2,1.0
1,1.0
0,0.9643592982470595
0,1.0
1,0.9844647856272966
0,0.7859431316360757
0,0.9020737174903075
0,1.0
1,1.0
1,1.0
0,0.8097584223857267
0,1.0
6,1.0
0,0.8392726499821858
-1,0.0
1,0.9726014625492189
8,0.7969382238763681
0,0.5431864888346375
-1,0.0
0,0.7272754038007126
7,0.7725538351073842
1,1.0
0,1.0
1,1.0
0,0.7082260966568407
0,1.0
2,1.0
0,1.0
0,0.8437107460318156
0,0.9834824298400919
-1,0.0
9,1.0
0,0.9006118514344722
7,0.6512345713061594
0,0.9680414920137799
1,1.0
0,1.0
5,0.7661411288894036
0,0.8897842519010485
6,0.224703838379842
0,0.9678399380673349
1,1.0
8,1.0
7,0.9763929706855263
2,0.6132196673902229
0,1.0
-1,0.0
0,1.0
0,0.9010206478563801
1,1.0
19,1.0
1,0.7706449650550354
-1,0.0
0,1.0
3,0.6305350538503401
-1,0.0
1,1.0
8,0.6900412460134854
2,0.8805297287959436
0,0.9858227246717953
4,1.0
1,1.0
0,1.0
0,1.0
5,1.0
1,1.0
8,0.8913575938433502
-1,0.0
3,0.5911252231998676
1,1.0
6,1.0
0,0.8269474880792681
8,0.8565712524885505
0,0.7714013548333288
0,1.0
0,0.9344473288185144
1,0.6765460059507798
0,1.0
17,1.0
0,1.0
0,1.0
6,1.0
-1,0.0
5,1.0
1,1.0
0,1.0
3,0.5053323753933127
0,1.0
0,0.9796654076532951
-1,0.0
0,1.0
-1,0.0
1,1.0
0,0.900924934968715
0,0.9234456187372624
1,1.0
1,1.0
0,1.0
0,1.0
0,0.8785063333118478
0,1.0
1,1.0
1,0.7327703112674745
1,1.0
-1,0.0
1,1.0
2,0.9157455137412904
0,0.9461160632088399
1,1.0
6,1.0
1,1.0
0,1.0
-1,0.0
4,0.7183733998872776
0,1.0
3,0.6251266193604539
1,1.0
1,0.9715684150765228
13,0.9329248250341574
15,0.682421812998808
0,0.8147124894301123
1,1.0
-1,0.0
0,1.0
2,1.0
7,1.0
1,0.7791665550674508
6,0.4226287858126509
1,1.0
5,0.9190848613950998
-1,0.0
0,1.0
0,1.0
1,0.7462368973737974
1,0.8008040703253243
0,1.0
1,1.0
0,1.0
1,1.0
0,0.9701073993444517
0,0.986147876061571
1,1.0
0,0.726519354806298
2,1.0
-1,0.0
8,0.8707961507896612
5,0.962713050232013
1,1.0
0,1.0
4,1.0
0,1.0
0,1.0
-1,0.0
1,1.0
6,1.0
0,1.0
4,1.0
1,1.0
0,1.0
14,1.0
3,0.3817704665009765
2,1.0
18,1.0
4,0.7549807850195669
0,1.0
-1,0.0
1,0.8470242673053079
1,1.0
-1,0.0
0,1.0
1,1.0
-1,0.0
5,1.0
1,0.5544981350560223
2,0.8836366607151547
0,0.8991729779625539
0,1.0
0,0.8390127500958469
-1,0.0
1,0.9933565595331251
2,1.0
-1,0.0
3,0.5866654035005253
2,1.0
9,0.8031347110943257
0,0.9334673674238743
1,1.0
16,1.0
-1,0.0
0,0.8093431219521251
1,1.0
0,1.0
0,1.0
2,1.0
-1,0.0
1,1.0
5,1.0
-1,0.0
0,1.0
1,1.0
2,1.0
1,1.0
0,0.893955263371347
0,1.0
0,0.7831550602723403
-1,0.0
4,1.0
0,1.0
0,1.0
0,1.0
0,1.0
1,1.0
-1,0.0
1,1.0
1,1.0
0,1.0
4,1.0
1,1.0
0,0.9643390139009617
1,1.0
0,1.0
0,0.7640567659780956
0,1.0
2,0.6797490141851954
5,1.0
1,1.0
0,1.0
2,0.8336234352855376
1,1.0
0,1.0
6,1.0
5,1.0
2,1.0
-1,0.0
15,1.0
0,1.0
16,1.0
8,0.7488369966960188
0,0.9332205736270505
0,1.0
0,1.0
-1,0.0
0,0.9420776649000867
0,0.8238514065270877
1,0.9474462447870639
0,0.8982172352339751
0,1.0
1,1.0
4,0.9158499518384443
8,0.8807599121560532
5,1.0
-1,0.0
0,1.0
1,1.0
0,1.0
-1,0.0
1,1.0
1,1.0
4,0.852392753821856
0,1.0
0,1.0
0,1.0
0,1.0
1,1.0
-1,0.0
1,0.9904195867322682
0,1.0
6,1.0
-1,0.0
-1,0.0
0,0.802862601691472
7,1.0
1,1.0
15,0.9733504218115138
0,1.0
1,1.0
3,0.3385705214951245
0,1.0
1,1.0
0,1.0
0,1.0
2,0.9316080326810082
1,1.0
1,1.0
1,1.0
1,0.7113479677021812
0,1.0
0,1.0
2,0.9858577690530128
1,0.9198355276874186
3,1.0
0,1.0
1,1.0
1,1.0
0,0.8756661433271722
1,1.0
11,0.876930631152313
0,1.0
0,0.7199909449297219
3,0.9156917846299091
1,1.0
0,1.0
0,1.0
0,0.8912791562241075
12,0.9548404839384054
0,0.6387148092052849
0,0.8433873077831338
0,1.0
2,1.0
0,1.0
-1,0.0
0,1.0
-1,0.0
0,1.0
5,1.0
0,1.0
3,0.6187550341341672
0,1.0
0,1.0
0,0.9279692209580176
2,0.6146943359174761
0,1.0
9,0.7307373814525864
-1,0.0
0,1.0
0,0.728091922397664
4,0.9487731958041887
1,1.0
2,0.6844903726982808
0,1.0
0,1.0
3,0.38096703033696505
15,1.0
0,1.0
0,0.9316652442765329
0,0.9116320636376186
7,0.6951128175177246
1,1.0
0,1.0
0,1.0
5,1.0
-1,0.0
18,1.0
1,1.0
0,0.7158998398839808
8,1.0
1,1.0
6,1.0
1,1.0
0,1.0
-1,0.0
5,0.4252085160816085
0,1.0
0,1.0
0,0.9718397841437728
1,1.0
5,1.0
2,1.0
1,1.0
0,0.9287148769407526
0,0.7280061354994174
0,1.0
1,0.984935371046359
4,0.7893437143719524
1,1.0
0,1.0
1,1.0
1,1.0
0,0.8455530434763318
1,1.0
0,1.0
-1,0.0
0,1.0
2,0.7064690461027961
0,1.0
0,1.0
6,1.0
0,1.0
0,1.0
-1,0.0
1,1.0
3,1.0
1,0.5073442471618361
3,0.6972839773921995
4,1.0
1,1.0
5,1.0
0,1.0
2,1.0
0,1.0
0,0.8810346708029126
1,1.0
4,1.0
-1,0.0
1,0.9402936279469929
3,0.6251266193604539
-1,0.0
0,0.8584479090287265
0,0.9504493894098549
2,1.0
0,1.0
6,1.0
1,1.0
1,1.0
0,1.0
1,1.0
1,1.0
0,0.9904975390578038
0,0.9456318127303904
8,0.8913575938433502
0,0.9976502984694999
0,0.9006254052932026
-1,0.0
0,0.9909635511485368
0,0.8028527339580378
2,1.0
1,1.0
6,0.342812007470825
-1,0.0
2,0.9196852782792451
0,1.0
15,1.0
0,1.0
-1,0.0
1,1.0
0,1.0
3,0.7543953906736806
1,1.0
8,0.7429972251643108
8,1.0
0,1.0
0,1.0
11,1.0
1,1.0
3,0.6192101661609389
-1,0.0
1,1.0
1,1.0
1,1.0
0,1.0
1,1.0
-1,0.0
1,1.0
-1,0.0
2,1.0
1,1.0
1,1.0
1,1.0
0,1.0
7,0.7948541809663274
9,0.9619027506465295
0,0.7745397496610563
1,1.0
0,0.9207764627306856
0,1.0
0,1.0
0,1.0
1,1.0
3,0.5133487141055989
8,0.8807599121560532
0,1.0
-1,0.0
1,1.0
0,1.0
1,0.8464888524648833
1,1.0
1,1.0
0,1.0
0,1.0
0,0.9062395544185959
2,0.9632101152100868
10,0.8562888385037369
0,1.0
6,0.6283889797241065
0,0.5454853364783988
0,0.9279692209580176
1,1.0
1,0.8794319769000579
3,0.9932031637681227
2,1.0
6,0.8974207673954829
1,0.9105480161127761
0,1.0
0,0.8049756474169832
4,0.9809998896229477
1,0.9315489879279124
0,1.0
-1,0.0
0,1.0
3,0.6428437183445375
0,1.0
1,1.0
8,0.7429972251643108
4,0.9622374650920716
0,1.0
1,1.0
0,0.7831257980792554
1,0.9911352592367073
0,1.0
5,1.0
3,0.9793400550471393
7,1.0
0,1.0
0,1.0
1,1.0
1,1.0
0,1.0
1,1.0
0,1.0
-1,0.0
1,0.9916711412978514
1,1.0
0,1.0
0,0.9685766558479973
0,1.0
4,0.9863185562699257
5,0.7886250403898969
1,0.8863109410086394
-1,0.0
-1,0.0
7,0.9596774356690736
3,0.3506492177316
1,1.0
0,0.9879414909102978
0,1.0
1,1.0
1,0.8958794684996029
1,1.0
0,1.0
0,1.0
0,1.0
3,0.5300024081711895
5,0.843158456184829
0,1.0
0,1.0
2,1.0
1,1.0
1,0.9311987167615099
-1,0.0
6,1.0
1,1.0
0,1.0
0,1.0
4,1.0
1,1.0
0,1.0
1,1.0
1,0.8155154057584193
1,0.8572479213001045
0,1.0
0,1.0
4,0.8822491920770182
1,0.7202478853694501
13,1.0
0,1.0
1,1.0
7,0.9763929706855263
3,0.6428437183445375
-1,0.0
1,1.0
0,1.0
-1,0.0
1,1.0
1,1.0
4,0.7493993646699776
5,1.0
9,0.7457428423639969
0,1.0
5,1.0
0,0.9280440320444724
-1,0.0
1,1.0
1,1.0
2,0.8994655378026335
0,0.8991271552918427
0,1.0
0,0.9333047484295989
0,1.0
-1,0.0
1,0.7213126163200251
0,0.9651264947813433
1,1.0
14,0.5642457901389376
6,1.0
3,0.4759389636978134
1,1.0
3,0.6873134123486232
2,0.9997167304706943
1,1.0
13,1.0
0,1.0
2,0.6192390232545109
8,0.7429972251643108
0,1.0
18,1.0
0,0.8394338065475725
0,1.0
6,1.0
1,0.9333011085390319
-1,0.0
-1,0.0
4,1.0
2,0.9272079177631994
7,0.835589412084862
1,1.0
0,1.0
-1,0.0
-1,0.0
0,1.0
-1,0.0
4,1.0
0,1.0
5,0.9810858826452236
0,1.0
-1,0.0
1,1.0
-1,0.0
0,1.0
1,1.0
0,0.8699467538776801
1,1.0
0,1.0
0,0.9241234470108821
9,0.7670770548353613
-1,0.0
-1,0.0
3,0.40044457847256043
0,1.0
0,0.9023634658824008
3,0.747589011009331
1,1.0
0,0.9116593396841266
1,1.0
8,0.8913575938433502
-1,0.0
1,1.0
4,0.6769501362297998
0,1.0
-1,0.0
2,1.0
3,0.6178921119729083
-1,0.0
12,0.8749810683668641
1,1.0
1,1.0
0,0.7993284424801245
1,1.0
0,0.9680946034998722
6,1.0
0,1.0
0,0.9639299588209084
-1,0.0
-1,0.0
0,1.0
0,1.0
1,0.743095817638795
1,1.0
-1,0.0
1,1.0
4,1.0
5,0.6192469924568585
0,0.9290100125143975
0,1.0
2,0.9767285078476086
4,0.8963896563090171
11,0.7257829575132597
1,1.0
1,1.0
0,1.0
0,1.0
0,1.0
1,0.9858024621283857
-1,0.0
0,1.0
1,1.0
0,1.0
-1,0.0
13,1.0
-1,0.0
0,1.0
3,0.731960906856311
0,0.976237687114254
1,1.0
-1,0.0
-1,0.0
1,1.0
4,0.9072328668205837
4,1.0
1,1.0
1,1.0
-1,0.0
0,0.9576918945415943
-1,0.0
0,1.0
2,0.796548201308888
0,1.0
-1,0.0
0,1.0
0,1.0
1,1.0
1,1.0
6,0.9774824761567175
0,1.0
4,1.0
1,0.664792398269599
-1,0.0
1,1.0
0,0.939743465858749
1,1.0
3,0.38670329044342616
-1,0.0
0,0.9177014830544007
0,1.0
6,1.0
1,0.7739770757954216
2,1.0
0,0.7789147510442652
1,1.0
1,1.0
-1,0.0
1,0.7634814351538005
-1,0.0
14,0.6485732910838239
0,1.0
1,1.0
0,1.0
3,0.42331685768229926
0,1.0
0,0.6907528208067187
1,1.0
1,1.0
5,0.7207183486097982
1,1.0
-1,0.0
1,0.7977226482377117
1,1.0
4,0.7977573192278286
0,1.0
0,1.0
5,1.0
4,1.0
1,1.0
1,1.0
0,1.0
1,1.0
0,1.0
1,1.0
-1,0.0
19,1.0
-1,0.0
14,1.0
1,1.0
0,0.9649530103792529
1,1.0
1,1.0
-1,0.0
0,1.0
1,1.0
-1,0.0
0,0.9006936097362793
0,1.0
0,1.0
0,1.0
4,0.995031210282873
8,0.7429972251643108
0,1.0
0,0.8042440493510405
2,0.5946438725376658
0,1.0
1,1.0
0,1.0
0,1.0
-1,0.0
-1,0.0
-1,0.0
-1,0.0
0,1.0
1,1.0
0,1.0
1,0.626731284132642
1,1.0
9,0.7908957141329406
1,1.0
2,0.657573918987342
1,1.0
4,1.0
0,1.0
1,1.0
1,1.0
1,1.0
1,1.0
0,0.9262698749627215
3,1.0
1,1.0
-1,0.0
1,0.6906500869598899
-1,0.0
1,1.0
0,1.0
3,0.8232367767921098
0,1.0
6,1.0
1,1.0
1,1.0
1,1.0
1,1.0
1,1.0
0,1.0
0,0.9383993585562039
0,1.0
-1,0.0
1,0.6924285943694081
0,1.0
0,1.0
0,1.0
1,1.0
-1,0.0
0,1.0
8,0.6924232186327255
1,1.0
4,0.9316712312076698
0,0.8557853395029049
1,1.0
1,1.0
1,1.0
1,1.0
1,0.8691462488546404
-1,0.0
1,0.9272836780569572
10,1.0
1,1.0
0,1.0
0,0.9530219757892892
1,1.0
6,0.5380494253413949
1,1.0
0,1.0
5,0.841708786411074
1,0.9472264273049067
1,1.0
17,1.0
0,1.0
0,1.0
-1,0.0
0,0.9091064074015877
0,0.747788692503981
0,0.8026885500255228
1,1.0
0,0.9820381502408769
3,0.639488534855585
1,1.0
1,1.0
-1,0.0
0,0.8356011838872452
0,1.0
1,1.0
0,0.7434424200606723
-1,0.0
0,0.8931594827219436
0,0.8093032155534182
0,0.9315621858538289
9,0.9105675447415642
1,1.0
3,0.780349973046495
8,0.7913574779384831
2,0.6511963267282483
1,1.0
0,1.0
1,1.0
1,1.0
1,1.0
0,0.9042848953280838
0,1.0
0,0.9480779628798108
1,1.0
0,0.9991796739254595
4,0.9622374650920716
8,0.7429972251643108
0,1.0
1,1.0
0,0.987761677193249
5,0.9466208023800524
0,1.0
0,0.9139267129797801
2,0.7960802663492648
-1,0.0
0,1.0
0,0.8761396353800514
3,0.5181596838576628
0,0.8627362360986852
0,1.0
1,1.0
1,0.8631530080212175
1,0.9965607324209371
8,1.0
0,0.9414258046575412
-1,0.0
1,1.0
0,1.0
0,1.0
0,1.0
0,0.9840700249707742
1,1.0
0,1.0
0,1.0
5,0.9810858826452236
1,0.8408971205993548
5,0.7597184790151426
1,1.0
0,1.0
0,1.0
10,0.9166633686355337
0,1.0
5,0.9797962888566366
4,1.0
1,1.0
1,1.0
-1,0.0
6,1.0
-1,0.0
2,0.565463089500557
1,1.0
1,0.8095723088473294
1,0.88484433173622
0,1.0
12,1.0
1,0.8990509611418223
1,0.9665292258826294
5,1.0
1,1.0
1,1.0
5,0.7886250403898969
0,1.0
5,1.0
6,1.0
0,1.0
0,1.0
0,1.0
14,1.0
-1,0.0
8,0.8283091925856427
1,1.0
-1,0.0
1,1.0
1,1.0
1,1.0
-1,0.0
0,1.0
0,0.8822390280224301
0,0.9640150423394943
1,1.0
1,0.7385006562502043
-1,0.0
6,1.0
0,1.0
1,1.0
-1,0.0
0,1.0
5,0.39041458888394337
1,1.0
10,0.732334620821192
0,0.7560460686038762
1,1.0
0,1.0
14,0.8756703815619865
-1,0.0
1,1.0
0,1.0
1,1.0
15,1.0
0,0.8824050629138618
1,1.0
0,1.0
1,0.9977051056525768
0,1.0
2,0.6532781250110269
5,0.9281653753032201
0,0.7678570709894077
-1,0.0
14,1.0
12,1.0
0,0.8306195703145305
0,0.8594316879119558
3,0.425978655691016
7,0.7118818603779793
-1,0.0
6,1.0
4,0.8978523439368884
7,0.9763929706855263
1,1.0
1,0.9445393442221659
2,1.0
4,0.9599728074171492
2,0.8523252596715283
7,0.9255392517526314
0,0.9495374184993202
0,1.0
0,1.0
2,1.0
0,1.0
0,1.0
1,1.0
1,1.0
1,1.0
1,1.0
1,1.0
6,1.0
5,1.0
4,0.7414366775310923
0,1.0
1,0.9457046387409046
18,1.0
0,1.0
1,1.0
4,0.8967746938021619
-1,0.0
0,0.9651373199792487
0,1.0
1,1.0
1,1.0
0,1.0
6,1.0
1,1.0
-1,0.0
0,1.0
1,0.8588333975939693
1,1.0
4,0.8385881932127323
1,1.0
-1,0.0
1,0.9378265397806455
1,0.9996747279803694
4,1.0
18,1.0
0,1.0
1,1.0
0,0.978872363195803
0,1.0
0,0.9768344861052044
0,1.0
1,1.0
0,1.0
0,1.0
1,1.0
0,0.9414328639491373
0,1.0
6,0.5568676844297432
0,1.0
-1,0.0
1,1.0
1,1.0
0,0.951850514469879
0,0.8827234441930801
4,0.7436768099301144
-1,0.0
-1,0.0
-1,0.0
0,1.0
8,0.7070180248439696
0,1.0
0,0.9855682776641408
0,1.0
0,1.0
3,0.3435082658132183
2,0.7250899507054849
8,0.957988868348347
1,1.0
1,1.0
2,0.7023117136172529
0,1.0
0,1.0
1,1.0
0,0.9570928227819875
0,0.9432498221823893
1,1.0
2,0.8471490689425747
5,1.0
6,1.0
1,1.0
0,0.8462591967299142
-1,0.0
4,0.7262773547595475
0,0.9772011717762733
1,1.0
5,1.0
0,1.0
6,1.0
-1,0.0
1,1.0
11,1.0
0,0.7452907676150912
0,0.7872734780613246
1,1.0
2,0.5394712970450233
-1,0.0
1,1.0
0,1.0
2,0.6767561452043079
-1,0.0
0,1.0
1,1.0
9,0.9193714442121778
1,0.8234741549066965
-1,0.0
-1,0.0
0,1.0
0,0.9876344864669417
7,0.8359879255259636
1,0.7027879508630296
0,0.8224067246049083
0,1.0
0,1.0
1,1.0
1,1.0
-1,0.0
1,1.0
0,1.0
-1,0.0
1,1.0
2,0.605980703330259
7,1.0
1,1.0
1,1.0
0,1.0
0,1.0
-1,0.0
1,0.8802242385685991
1,0.4988386468007788
0,1.0
2,0.5603289716398877
0,1.0
0,1.0
0,1.0
1,1.0
10,0.9496312328216746
15,1.0
2,1.0
0,1.0
0,1.0
0,0.9172461015448612
1,1.0
-1,0.0
5,1.0
6,1.0
2,0.681797120377276
0,1.0
0,1.0
1,1.0
1,1.0
0,1.0
1,1.0
5,1.0
11,0.7837873703379075
0,0.9601121793028493
-1,0.0
4,0.6971055378055429
0,0.8831853943486231
3,0.7211660079589529
1,1.0
2,0.7936051703784373
0,0.943543786950094
2,0.9539628277667822
0,1.0
6,1.0
0,1.0
1,0.8813557522888973
3,0.5401917900806102
1,1.0
1,1.0
0,0.9181326107466243
-1,0.0
0,0.9842565746163106
0,1.0
-1,0.0
1,1.0
1,1.0
9,0.7426860859559347
0,1.0
0,0.8995105254256145
14,1.0
8,0.7186214484346246
16,1.0
0,1.0
0,0.9658555510941735
1,1.0
1,1.0
0,1.0
1,1.0
9,1.0
0,1.0
0,1.0
0,1.0
5,1.0
1,0.6079817694279529
-1,0.0
3,0.3664977248079954
1,1.0
8,0.7429972251643108
2,0.729874557244978
0,0.6619991679490587
4,1.0
5,0.481969276019283
1,1.0
1,1.0
9,0.7597014550117343
1,1.0
0,1.0
1,0.9378265397806455
0,1.0
1,1.0
0,0.9637480910178629
-1,0.0
0,1.0
1,0.7500012095911182
2,1.0
13,1.0
1,1.0
10,0.7766747727596934
1,1.0
0,1.0
0,1.0
-1,0.0
0,0.943543786950094
1,1.0
1,1.0
15,1.0
6,0.7274179254697387
16,1.0
1,1.0
11,1.0
0,1.0
0,1.0
9,1.0
0,1.0
0,1.0
0,1.0
7,0.6684942890337593
1,0.8979298058453244
-1,0.0
0,1.0
0,1.0
1,0.8865591462298562
1,0.9983148584521727
1,1.0
0,0.9497160364834839
-1,0.0
1,1.0
-1,0.0
8,0.7186214484346246
-1,0.0
0,0.9045526860263693
0,1.0
0,1.0
5,0.9060619228904343
0,1.0
3,0.611474015007369
0,1.0
1,1.0
-1,0.0
0,1.0
0,1.0
4,0.9167228297621428
5,1.0
1,0.7710898795104082
0,1.0
0,1.0
0,1.0
0,0.922616527428984
0,0.9489887088889732
3,0.6384547719907249
-1,0.0
1,1.0
3,0.45817003415039226
0,0.986147876061571
6,1.0
-1,0.0
1,1.0
1,1.0
1,1.0
0,1.0
1,1.0
-1,0.0
0,0.8762899996125098
-1,0.0
1,0.8566736364058138
1,1.0
4,0.9453723211074899
0,1.0
0,1.0
0,1.0
1,1.0
0,1.0
2,0.953859412336252
4,0.8415032852879082
1,1.0
2,0.9715332801705387
-1,0.0
0,1.0
5,1.0
2,1.0
-1,0.0
1,1.0
0,1.0
0,1.0
0,1.0
2,1.0
1,1.0
1,1.0
0,1.0
0,1.0
4,0.81395936550584
8,0.8211546751099287
0,0.9255686807295842
1,1.0
0,1.0
1,0.7102128703135311
2,1.0
-1,0.0
0,0.9737842648162683
7,0.6842890523008672
0,0.8606760119759982
0,0.8425237461096213
4,1.0
1,1.0
7,0.8346070473126493
0,1.0
0,0.9517462033789861
0,1.0
0,0.9080039992800861
1,1.0
5,1.0
5,1.0
1,1.0
1,1.0
3,0.3818674747880752
0,0.8632901859897338
1,1.0
1,0.7440625817817962
1,1.0
0,1.0
0,0.9960749681422781
-1,0.0
17,1.0
7,0.7850690103764281
2,0.5881307217763146
-1,0.0
3,0.36622108747783977
1,0.9164650602448967
-1,0.0
0,1.0
-1,0.0
-1,0.0
0,1.0
1,1.0
0,1.0
0,1.0
2,0.8401589466204797
1,1.0
8,0.8707961507896612
0,1.0
1,1.0
-1,0.0
0,1.0
-1,0.0
0,1.0
1,1.0
1,1.0
13,0.8448394583712934
1,1.0
2,0.7178009112882032
7,0.7539714095067979
3,0.450531161392069
1,1.0
1,1.0
1,0.9363153397693409
0,1.0
1,1.0
0,0.756005108572048
0,1.0
0,0.9284145725744567
0,1.0
1,0.7031516423299609
0,0.8151249700421913
0,1.0
-1,0.0
1,1.0
3,0.907945326971022
1,0.8709416193284947
2,0.9599595074235998
-1,0.0
5,1.0
9,0.6740510259262688
2,0.9828207883963971
1,1.0
1,1.0
1,0.945008852589187
2,0.6872062277103221
7,0.7289924283275453
6,1.0
0,1.0
0,0.71992889468972
1,0.7461718675205518
0,1.0
1,1.0
0,1.0
1,0.9853721395330779
4,0.7265394052951555
-1,0.0
8,0.957988868348347
0,1.0
1,1.0
0,0.8000211496763334
1,1.0
-1,0.0
4,1.0
0,1.0
1,0.8645673063626025
0,1.0
2,0.7402743870339121
0,1.0
0,0.9270365722955515
0,1.0
1,1.0
1,1.0
1,1.0
10,0.9903050504809364
3,0.5806675630232023
7,0.8074813424794796
1,1.0
0,1.0
0,1.0
0,1.0
1,1.0
19,1.0
3,0.8029108486969414
-1,0.0
12,1.0
1,1.0
0,0.9773454950987118
0,1.0
0,1.0
5,1.0
0,0.8351811922283656
1,1.0
0,0.9503199622801227
0,1.0
-1,0.0
1,1.0
11,1.0
3,1.0
2,1.0
1,1.0
0,1.0
1,0.7223234836278511
1,1.0
-1,0.0
-1,0.0
10,0.9625922578232953
0,1.0
-1,0.0
3,0.780349973046495
2,0.9348632447682192
0,1.0
2,0.9662882563004499
0,1.0
0,0.9289030459016532
18,1.0
1,1.0
3,0.5109917366783701
5,1.0
1,0.9923651897669269
0,1.0
2,1.0
1,1.0
0,1.0
3,0.3793033552670434
8,0.8578220452977525
6,1.0
0,0.9651373199792487
15,1.0
18,1.0
1,0.9044936277726607
1,0.9483031666274632
0,1.0
0,1.0
-1,0.0
0,1.0
2,1.0
0,1.0
2,1.0
7,0.7273441955678905
10,0.9111985213631566
10,0.7431320215984205
0,1.0
1,1.0
0,0.924549822965188
6,1.0
6,1.0
0,0.9837122629001229
9,1.0
1,1.0
0,1.0
0,1.0
2,0.7479266386922563
8,0.976181937833482
1,1.0
0,1.0
1,1.0
1,1.0
0,1.0
4,1.0
1,1.0
0,1.0
0,1.0
1,1.0
4,0.8459438206487927
1,0.8732916737521849
1,1.0
0,1.0
0,1.0
0,1.0
0,1.0
4,1.0
-1,0.0
4,0.9503704620239837
1,1.0
2,0.9537036806994431
1,1.0
0,1.0
0,1.0
0,0.8319389205835618
1,0.9130280274213246
0,1.0
0,1.0
1,1.0
0,1.0
1,1.0
0,0.9575603018585829
3,1.0
0,1.0
0,0.7049658799538933
2,1.0
2,0.7117819864783413
1,1.0
1,1.0
-1,0.0
1,1.0
-1,0.0
1,1.0
1,0.9012877692734207
0,1.0
-1,0.0
0,1.0
0,1.0
0,1.0
1,1.0
0,1.0
14,0.9802207362202312
0,1.0
3,0.7662301308072225
0,0.8203592283564454
1,1.0
1,1.0
14,1.0
1,0.9041333355994968
0,0.8665673844342714
1,1.0
1,1.0
11,1.0
2,0.8615815712794168
0,0.7126144413504423
1,1.0
3,0.41997355978015505
1,1.0
1,1.0
0,1.0
0,1.0
0,1.0
1,1.0
1,1.0
0,1.0
1,1.0
1,1.0
0,1.0
2,0.7023117136172529
12,0.8574591423705968
1,1.0
4,0.8566684420062105
-1,0.0
-1,0.0
1,0.932233670018699
4,1.0
7,0.6482147883049011
0,0.836500371303184
1,0.8590634771998364
1,1.0
1,1.0
-1,0.0
13,1.0
-1,0.0
0,0.9953944798616604
1,1.0
0,1.0
2,1.0
6,1.0
1,1.0
1,0.8648997129652657
1,0.870166022714831
1,1.0
11,0.5493960027022533
1,1.0
6,1.0
3,0.7388233585905004
0,1.0
0,0.9961133556394868
0,0.9412023757849343
-1,0.0
0,1.0
2,0.6359518387220021
0,1.0
3,0.5742002791209944
-1,0.0
1,1.0
1,1.0
3,0.5775828791107688
16,0.9363597880649324
0,1.0
1,1.0
2,1.0
1,1.0
1,0.6676424801133113
0,0.704421787836701
0,1.0
6,1.0
1,1.0
16,1.0
0,0.9995770149034003
0,1.0
1,1.0
1,0.8233930384425505
0,1.0
16,0.9934150818009279
0,1.0
0,0.8712103888754493
3,0.576126107759163
4,0.685322183999572
-1,0.0
0,1.0
1,0.8889882206515392
1,1.0
5,0.6133362749613257
1,1.0
0,1.0
6,1.0
0,1.0
2,1.0
3,0.4989745953089455
1,1.0
0,1.0
0,0.9474932615666098
0,1.0
-1,0.0
0,1.0
3,0.6507093745771548
1,1.0
5,1.0
2,0.9581950583521874
0,1.0
0,1.0
0,1.0
1,0.9635889670285593
0,0.8415595778632051
1,1.0
13,0.911930283742478
4,0.9630972411952949
0,1.0
0,0.936699754314165
-1,0.0
0,1.0
2,0.6452175308485991
1,1.0
-1,0.0
1,0.8976380693262614
1,1.0
7,0.6584506544423564
1,0.9678917855602982
-1,0.0
0,0.9802696962739302
1,0.9211844088175696
0,1.0
-1,0.0
-1,0.0
0,1.0
0,1.0
0,1.0
4,1.0
0,1.0
0,0.7976870182685896
1,1.0
-1,0.0
1,1.0
0,1.0
7,0.9763929706855263
0,1.0
8,0.7287945788261091
0,1.0
5,0.8047388753180297
1,1.0
1,0.9278902675392927
2,0.6408902507564307
-1,0.0
1,1.0
6,1.0
8,0.7594257410043311
4,0.7120887638940713
1,1.0
7,0.7249799510325622
0,1.0
0,0.9357035302467182
10,0.7735497997403491
6,1.0
1,1.0
1,0.9466566980579312
1,0.8692280421964864
1,0.8910259755296437
1,0.8933938700642816
3,0.5755125627940345
0,1.0
0,1.0
0,1.0
-1,0.0
0,1.0
2,1.0
6,0.4684208722451645
0,1.0
1,0.6795701035349991
0,1.0
9,0.751111390088448
1,1.0
1,1.0
2,1.0
0,0.9380765568144298
-1,0.0
0,1.0
5,0.9821993290407756
-1,0.0
1,1.0
1,1.0
1,0.9506602655150798
0,1.0
5,0.7515128013144765
3,0.41249319142711466
16,0.942818074476949
0,1.0
0,1.0
0,0.9537780486118578
1,1.0
1,0.8305396521859231
2,1.0
0,1.0
1,0.9859309164442601
1,1.0
3,0.4150720476964338
1,1.0
0,0.9885298842698763
1,0.7892430866232139
-1,0.0
1,0.9998970881908967
0,0.988493404861669
-1,0.0
0,1.0
0,1.0
1,1.0
1,1.0
2,0.976803326064549
0,1.0
3,0.6063812327760569
1,1.0
0,1.0
6,1.0
6,1.0
3,0.6251266193604539
1,1.0
1,1.0
0,1.0
1,1.0
0,1.0
0,1.0
0,0.7228630953311257
1,1.0
1,1.0
5,0.6117343325957787
1,1.0
9,0.8478626106810978
9,0.7424226252153198
2,0.8331730166275058
0,1.0
1,1.0
0,0.8982172352339751
4,0.6756354253436593
0,0.9189926539905413
1,1.0
4,1.0
0,0.9930786999474632
1,1.0
0,1.0
8,1.0
1,1.0
0,1.0
0,0.9507935096491353
0,1.0
1,1.0
1,1.0
0,1.0
1,0.877158121321693
1,1.0
1,0.9247306546519585
0,1.0
0,1.0
0,1.0
6,1.0
1,1.0
1,1.0
0,1.0
1,1.0
1,1.0
0,0.7165717169980654
1,0.8032663006220108
5,0.7861752712891582
-1,0.0
3,0.560464162636549
-1,0.0
1,1.0
3,0.6026660460292589
0,0.9229158007638026
2,0.9405639963914566
3,0.7786222400249481
12,0.9234423641223687
16,1.0
10,0.7557778250922996
0,0.707874493267594
1,1.0
3,0.4130664087255357
2,0.9976402038553353
1,1.0
0,1.0
2,0.7383450852113903
1,1.0
1,1.0
0,1.0
1,1.0
4,0.9576584960945084
0,1.0
-1,0.0
-1,0.0
1,1.0
1,1.0
0,1.0
4,1.0
0,0.8756661433271722
0,1.0
5,0.9917069190936936
0,1.0
0,1.0
6,1.0
8,0.8720527362736111
1,1.0
5,1.0
16,1.0
4,0.9359874010465936
2,0.6078444168876612
0,1.0
1,1.0
0,1.0
0,1.0
0,1.0
-1,0.0
-1,0.0
0,1.0
9,1.0
4,0.9253637955713976
5,1.0
0,1.0
1,1.0
1,1.0
0,1.0
0,0.9745507039695057
1,0.9348598997480783
1,1.0
0,1.0
6,1.0
17,1.0
0,1.0
4,1.0
1,0.8317544910322523
3,0.5156766680349619
0,0.8905742922892781
-1,0.0
4,1.0
12,1.0
1,1.0
1,1.0
1,1.0
0,1.0
0,0.9382402516148565
1,1.0
1,1.0
-1,0.0
0,0.8869507409123353
1,1.0
1,1.0
-1,0.0
15,0.6779576422581729
3,0.8268226768720629
11,0.9898064467118188
3,0.7482999246573303
-1,0.0
1,1.0
1,1.0
0,1.0
3,0.48591793543303163
11,1.0
6,1.0
6,1.0
0,1.0
0,0.9923013135082902
1,1.0
6,1.0
0,1.0
1,1.0
-1,0.0
0,0.9525955227449399
-1,0.0
0,1.0
1,1.0
-1,0.0
0,1.0
0,1.0
1,1.0
0,0.7126560752379382
1,0.9059343222113451
5,1.0
0,1.0
0,1.0
9,0.8832809227759527
0,1.0
1,1.0
7,0.9265645717341735
-1,0.0
0,0.9549446238251347
0,1.0
-1,0.0
1,0.9581010678617697
-1,0.0
0,1.0
0,1.0
1,0.9474430598950713
0,0.9667458413797599
3,0.8635648496862526
1,1.0
0,1.0
0,1.0
3,0.6493386801410062
0,1.0
1,1.0
0,1.0
4,0.7503148299372736
0,0.9626075852748625
0,1.0
7,1.0
0,1.0
1,1.0
1,1.0
1,1.0
0,1.0
2,0.6187291211212171
0,1.0
4,0.8177536263333144
12,0.8454426632990666
0,0.9205540540582082
2,0.6821863018439582
0,1.0
0,1.0
0,1.0
15,0.8861539873268917
0,0.986252687231948
1,1.0
1,1.0
13,1.0
1,1.0
0,0.9498478511893848
2,1.0
1,1.0
0,1.0
0,1.0
1,1.0
-1,0.0
1,1.0
1,1.0
0,0.7547394539903032
1,1.0
-1,0.0
3,0.3650717516922672
1,1.0
1,0.9926710231983165
1,1.0
11,1.0
1,1.0
1,1.0
1,1.0
0,1.0
1,1.0
0,1.0
3,0.9286794742593963
1,1.0
-1,0.0
0,1.0
9,0.9087241300640342
-1,0.0
-1,0.0
2,0.9668329649902754
0,0.9001924626220438
2,0.8388007149872369
1,1.0
1,1.0
1,1.0
7,0.7235621541746142
1,1.0
0,0.8476173176009694
0,1.0
1,1.0
1,0.7448349288593399
1,0.8739212159822629
8,0.8528059765856592
-1,0.0
-1,0.0
6,0.5908975294212097
1,1.0
1,0.9983158239368485
1,0.9030873935813027
0,1.0
7,1.0
0,0.947741155519944
1,1.0
0,0.8159203140149861
0,0.7196728415287532
1,1.0
1,0.8511566890383548
0,0.9936600172563052
-1,0.0
0,0.8812814540417618
1,0.7493744402974839
0,1.0
2,0.9119505289438896
3,0.7868589626315973
2,0.8405357848826142
1,1.0
-1,0.0
1,1.0
0,0.9642791692810645
-1,0.0
1,1.0
0,1.0
0,0.9240821168568844
1,1.0
-1,0.0
0,1.0
2,1.0
1,1.0
9,0.9105675447415642
0,1.0
2,0.7301162288796504
0,1.0
7,0.7628451620378336
0,0.9993651598380705
1,0.872724822325109
7,0.6456516052871174
3,0.4330697335815622
1,1.0
-1,0.0
0,0.8791627657341464
1,1.0
0,0.8293046934774423
1,0.7706449650550354
7,0.8389677556304008
5,1.0
1,0.643598288768649
0,0.8850532366399896
0,1.0
13,0.9413937429597098
1,1.0
1,1.0
1,1.0
1,0.7168696728824421
10,0.9390096422658261
0,1.0
1,1.0
0,1.0
13,1.0
8,1.0
3,0.519820728118009
8,0.9638941506354549
1,1.0
0,1.0
14,0.8057562862289106
18,1.0
6,1.0
1,1.0
13,0.9827988769942637
1,1.0
0,1.0
11,0.7784287482314377
5,0.9512741350425793
2,1.0
-1,0.0
0,1.0
0,1.0
0,1.0
16,1.0
14,1.0
0,1.0
1,1.0
0,0.973973917516163
2,0.6371004650641432
0,1.0
0,1.0
-1,0.0
4,1.0
0,0.9068028469287434
0,1.0
1,1.0
1,1.0
1,1.0
2,1.0
1,0.8772796817028734
6,1.0
6,1.0
-1,0.0
1,1.0
1,1.0
6,1.0
1,1.0
1,1.0
1,1.0
3,0.5390476993677538
0,1.0
19,1.0
3,0.780349973046495
8,0.7848542873111123
0,0.9102161497664323
-1,0.0
-1,0.0
0,0.9632271453072445
1,1.0
0,1.0
8,0.7315798287869302
1,1.0
0,0.7688877781388346
13,1.0
0,1.0
1,1.0
2,0.6114467824045174
0,1.0
-1,0.0
6,0.4242047033782036
1,0.6865316605712845
0,1.0
19,1.0
1,1.0
0,0.6706838036862048
1,0.938553767644917
7,0.7991457411428442
1,1.0
0,1.0
5,1.0
1,1.0
1,1.0
-1,0.0
0,0.7403214206583247
2,1.0
0,1.0
0,1.0
2,1.0
0,1.0
6,1.0
3,0.780349973046495
1,1.0
0,1.0
0,0.9284654219135229
3,0.5327795998331469
2,1.0
6,1.0
8,0.8913575938433502
0,1.0
0,0.9293769938446523
-1,0.0
1,1.0
-1,0.0
0,1.0
0,1.0
-1,0.0
7,0.9763929706855263
1,0.9923764776806251
1,1.0
0,1.0
1,1.0
0,0.9811831396058807
7,0.6498373306006983
0,0.8707167340192735
3,0.561777745462571
5,1.0
1,1.0
-1,0.0
3,0.7389783075090833
10,1.0
5,0.9998765183983851
4,0.8638453105597057
1,1.0
0,1.0
-1,0.0
1,0.6466166273985036
0,1.0
1,1.0
5,1.0
1,1.0
1,0.8752479202889302
1,1.0
1,1.0
-1,0.0
1,1.0
1,1.0
0,1.0
0,1.0
-1,0.0
6,1.0
-1,0.0
1,1.0
0,1.0
1,1.0
0,1.0
1,0.9905649846001374
-1,0.0
0,1.0
1,1.0
1,0.8715469719824692
1,0.9944829605128673
1,1.0
1,0.9609655215460932
3,0.5484960165667123
0,1.0
9,1.0
0,1.0
10,1.0
1,0.990481174958751
0,1.0
1,1.0
0,1.0
0,1.0
3,0.4409523617207972
1,1.0
5,0.9706272108727502
1,1.0
17,1.0
0,1.0
1,1.0
1,0.7452364349251245
0,0.8928724680608612
0,0.8184626415476995
-1,0.0
-1,0.0
0,1.0
1,1.0
0,1.0
8,1.0
1,0.9473354544544739
1,1.0
-1,0.0
5,1.0
0,1.0
-1,0.0
-1,0.0
-1,0.0
0,1.0
0,1.0
13,0.7966231687462728
3,0.34530251215292507
1,1.0
1,0.9855254095942398
1,1.0
1,1.0
9,0.9193714442121778
0,1.0
1,1.0
-1,0.0
0,0.956120888468019
1,1.0
1,1.0
0,0.9921713935187644
3,0.4540064975946443
1,0.6387800554665083
10,1.0
3,0.675395691752692
-1,0.0
-1,0.0
1,0.9928730585526462
4,1.0
0,1.0
0,1.0
0,1.0
10,0.7389308979835738
1,1.0
1,0.912120870112623
1,0.9257048426429499
1,0.8664921030601016
0,1.0
0,0.892029584688755
1,1.0
1,0.912216201974995
1,1.0
8,0.8127088741736997
1,1.0
1,1.0
1,1.0
4,0.9316712312076698
1,1.0
2,0.6458278092323072
0,1.0
-1,0.0
4,0.8965668409430696
0,0.909813903951579
-1,0.0
7,0.7478675947240561
5,0.8286072919508539
1,1.0
1,1.0
0,0.9550227630647703
0,0.8050542531155631
0,1.0
0,1.0
-1,0.0
1,1.0
-1,0.0
-1,0.0
0,1.0
1,1.0
0,0.9420542758798109
7,0.7409881843439823
0,0.9926632768321533
6,1.0
1,0.36870942211513086
0,0.9832610100307175
-1,0.0
3,0.6236628862126282
1,1.0
1,1.0
1,1.0
13,0.9817602393338831
0,1.0
1,0.8839121567025859
-1,0.0
0,0.916658691679336
7,0.8272287070792882
0,1.0
9,1.0
4,0.9774217916493568
1,1.0
8,0.8057945891601287
1,1.0
6,0.9185107389032523
2,1.0
-1,0.0
1,0.9932841708315122
1,1.0
-1,0.0
1,1.0
0,1.0
2,0.6140375098047406
0,1.0
-1,0.0
0,1.0
1,1.0
3,0.4447848415719163
1,1.0
0,0.9585596042217277
1,1.0
1,0.9538736622026585
-1,0.0
14,1.0
17,1.0
0,1.0
1,1.0
1,1.0
5,1.0
0,1.0
1,1.0
-1,0.0
0,0.97775016703896
0,0.8756375306750418
1,1.0
0,1.0
1,1.0
1,1.0
1,1.0
0,1.0
2,0.8846228402070149
0,1.0
0,1.0
3,0.4170122617566734
1,1.0
1,1.0
1,1.0
1,1.0
1,1.0
2,1.0
1,1.0
2,1.0
2,0.8452388530809835
0,0.9038477655118934
1,1.0
1,0.8149828086349095
0,1.0
0,0.8620512951934497
0,1.0
0,1.0
1,1.0
1,1.0
0,1.0
1,1.0
1,1.0
0,1.0
1,0.9497365467998049
-1,0.0
1,0.6640523455139149
1,1.0
-1,0.0
0,1.0
1,1.0
1,0.9895081772416022
0,1.0
0,1.0
0,1.0
1,1.0
1,0.9911274013175922
0,0.98445883524025
0,1.0
2,0.965004240493436
1,1.0
8,0.7429972251643108
2,0.8506837856063718
0,1.0
0,0.9055357549793147
8,0.9211097176310217
3,1.0
-1,0.0
7,0.7317210352192773
0,1.0
0,0.7292223794105858
6,0.65085859889973
0,1.0
4,0.7943794038928355
0,1.0
0,1.0
4,1.0
0,1.0
1,0.7730012846742272
-1,0.0
4,0.8362301436900577
2,1.0
0,0.6525497241925182
19,1.0
1,1.0
0,0.816008969621038
-1,0.0
0,1.0
11,0.5581359763115287
0,1.0
0,1.0
1,0.8476399395609171
-1,0.0
1,1.0
1,1.0
-1,0.0
1,1.0
0,1.0
0,1.0
5,1.0
0,1.0
0,1.0
0,1.0
4,1.0
0,1.0
1,0.8784892511068028
0,1.0
1,0.8745016498894892
1,1.0
6,1.0
0,1.0
7,0.7579523811281378
4,0.8978523439368884
1,1.0
1,0.4658156540831812
1,0.7788476579962886
0,0.9374185657458358
16,1.0
1,1.0
0,1.0
1,1.0
12,1.0
1,1.0
0,1.0
0,0.9696388385308942
0,1.0
0,1.0
0,1.0
0,1.0
1,1.0
2,0.8854603600392581
6,0.9269857313462047
0,1.0
1,0.879499942597021
0,1.0
0,0.9899682938447089
0,1.0
-1,0.0
0,1.0
6,0.5136552013093997
0,1.0
0,1.0
2,1.0
4,0.8906527487315523
0,1.0
1,1.0
-1,0.0
5,0.7364641841554829
0,1.0
0,0.9317343793580893
1,1.0
1,1.0
5,1.0
0,1.0
1,1.0
0,0.9926424317465458
19,1.0
0,0.7537381136224244
1,0.6890682731506752
3,0.3478611415012548
5,1.0
